Route Links,Routes,State
https://www.redbus.in/bus-tickets/bangalore-to-kozhikode,Bangalore to Kozhikode,Ksrtc
https://www.redbus.in/bus-tickets/kozhikode-to-ernakulam,Kozhikode to Ernakulam,Ksrtc
https://www.redbus.in/bus-tickets/kozhikode-to-bangalore,Kozhikode to Bangalore,Ksrtc
https://www.redbus.in/bus-tickets/ernakulam-to-kozhikode,Ernakulam to Kozhikode,Ksrtc
https://www.redbus.in/bus-tickets/mysore-to-kozhikode,Mysore to Kozhikode,Ksrtc
https://www.redbus.in/bus-tickets/kozhikode-to-mysore,Kozhikode to Mysore,Ksrtc
https://www.redbus.in/bus-tickets/kozhikode-to-thrissur,Kozhikode to Thrissur,Ksrtc
https://www.redbus.in/bus-tickets/kozhikode-to-thiruvananthapuram,Kozhikode to Thiruvananthapuram,Ksrtc
https://www.redbus.in/bus-tickets/kozhikode-to-kottayam,Kozhikode to Kottayam,Ksrtc
https://www.redbus.in/bus-tickets/thrissur-to-kozhikode,Thrissur to Kozhikode,Ksrtc
https://www.redbus.in/bus-tickets/bangalore-to-kalpetta,Bangalore to Kalpetta (kerala),Ksrtc
https://www.redbus.in/bus-tickets/bangalore-to-kannur,Bangalore to Kannur (Kerala),Ksrtc
https://www.redbus.in/bus-tickets/kalpetta-to-bangalore,Kalpetta (kerala) to Bangalore,Ksrtc
https://www.redbus.in/bus-tickets/kottayam-to-kozhikode,Kottayam to Kozhikode,Ksrtc
https://www.redbus.in/bus-tickets/thiruvananthapuram-to-kozhikode,Thiruvananthapuram to Kozhikode,Ksrtc
https://www.redbus.in/bus-tickets/kannur-to-bangalore,Kannur (Kerala) to Bangalore,Ksrtc
https://www.redbus.in/bus-tickets/kozhikode-to-aluva,Kozhikode to Aluva,Ksrtc
https://www.redbus.in/bus-tickets/hyderabad-to-vijayawada,Hyderabad to Vijayawada,Apsrtc
https://www.redbus.in/bus-tickets/vijayawada-to-hyderabad,Vijayawada to Hyderabad,Apsrtc
https://www.redbus.in/bus-tickets/kakinada-to-visakhapatnam,Kakinada to Visakhapatnam,Apsrtc
https://www.redbus.in/bus-tickets/chittoor-andhra-pradesh-to-bangalore,Chittoor (Andhra Pradesh) to Bangalore,Apsrtc
https://www.redbus.in/bus-tickets/bangalore-to-tirupathi,Bangalore to Tirupati,Apsrtc
https://www.redbus.in/bus-tickets/tirupathi-to-bangalore,Tirupati to Bangalore,Apsrtc
https://www.redbus.in/bus-tickets/kadapa-to-bangalore,Kadapa to Bangalore,Apsrtc
https://www.redbus.in/bus-tickets/hyderabad-to-ongole,Hyderabad to Ongole,Apsrtc
https://www.redbus.in/bus-tickets/ananthapur-to-bangalore,Anantapur (andhra pradesh) to Bangalore,Apsrtc
https://www.redbus.in/bus-tickets/bangalore-to-kadapa,Bangalore to Kadapa,Apsrtc
https://www.redbus.in/bus-tickets/ongole-to-hyderabad,Ongole to Hyderabad,Apsrtc
https://www.redbus.in/bus-tickets/bangalore-to-chittoor-andhra-pradesh,Bangalore to Chittoor (Andhra Pradesh),Apsrtc
https://www.redbus.in/bus-tickets/bangalore-to-ananthapur,Bangalore to Anantapur (andhra pradesh),Apsrtc
https://www.redbus.in/bus-tickets/visakhapatnam-to-kakinada,Visakhapatnam to Kakinada,Apsrtc
https://www.redbus.in/bus-tickets/kadiri-to-bangalore,Kadiri to Bangalore,Apsrtc
https://www.redbus.in/bus-tickets/vinukonda-to-hyderabad,Vinukonda to Hyderabad,Apsrtc
https://www.redbus.in/bus-tickets/bangalore-to-kadiri,Bangalore to Kadiri,Apsrtc
https://www.redbus.in/bus-tickets/hyderabad-to-narsaraopet,Hyderabad to Narasaraopet,Apsrtc
https://www.redbus.in/bus-tickets/madanapalli-to-bangalore,Madanapalli to Bangalore,Apsrtc
https://www.redbus.in/bus-tickets/narsaraopet-to-hyderabad,Narasaraopet to Hyderabad,Apsrtc
https://www.redbus.in/bus-tickets/rajahmundry-to-visakhapatnam,Rajahmundry to Visakhapatnam,Apsrtc
https://www.redbus.in/bus-tickets/eluru-to-hyderabad,Eluru to Hyderabad,Apsrtc
https://www.redbus.in/bus-tickets/chennai-to-tirupathi,Chennai to Tirupati,Apsrtc
https://www.redbus.in/bus-tickets/bangalore-to-madanapalli,Bangalore to Madanapalli,Apsrtc
https://www.redbus.in/bus-tickets/guntur-to-hyderabad,Guntur (Andhra Pradesh) to Hyderabad,Apsrtc
https://www.redbus.in/bus-tickets/rayachoti-to-bangalore,Rayachoti to Bangalore,Apsrtc
https://www.redbus.in/bus-tickets/hyderabad-to-kurnool,Hyderabad to Kurnool,Apsrtc
https://www.redbus.in/bus-tickets/tirupathi-to-chennai,Tirupati to Chennai,Apsrtc
https://www.redbus.in/bus-tickets/visakhapatnam-to-vijayawada,Visakhapatnam to Vijayawada,Apsrtc
https://www.redbus.in/bus-tickets/rajahmundry-to-vijayawada,Rajahmundry to Vijayawada,Apsrtc
https://www.redbus.in/bus-tickets/hyderabad-to-guntur,Hyderabad to Guntur (Andhra Pradesh),Apsrtc
https://www.redbus.in/bus-tickets/macherla-to-hyderabad,Macherla (andhra pradesh) to Hyderabad,Apsrtc
https://www.redbus.in/bus-tickets/nandyala-to-hyderabad,Nandyal to Hyderabad,Apsrtc
https://www.redbus.in/bus-tickets/hyderabad-to-eluru,Hyderabad to Eluru,Apsrtc
https://www.redbus.in/bus-tickets/bangalore-to-rayachoti,Bangalore to Rayachoti,Apsrtc
https://www.redbus.in/bus-tickets/kurnool-to-hyderabad,Kurnool to Hyderabad,Apsrtc
https://www.redbus.in/bus-tickets/hyderabad-to-vinukonda,Hyderabad to Vinukonda,Apsrtc
https://www.redbus.in/bus-tickets/vijayawada-to-visakhapatnam,Vijayawada to Visakhapatnam,Apsrtc
https://www.redbus.in/bus-tickets/kurnool-to-bangalore,Kurnool to Bangalore,Apsrtc
https://www.redbus.in/bus-tickets/rajahmundry-to-hyderabad,Rajahmundry to Hyderabad,Apsrtc
https://www.redbus.in/bus-tickets/amalapuram-to-visakhapatnam,Amalapuram to Visakhapatnam,Apsrtc
https://www.redbus.in/bus-tickets/kurnool-to-vijayawada,Kurnool to Vijayawada,Apsrtc
https://www.redbus.in/bus-tickets/visakhapatnam-to-rajahmundry,Visakhapatnam to Rajahmundry,Apsrtc
https://www.redbus.in/bus-tickets/hyderabad-to-macherla,Hyderabad to Macherla (andhra pradesh),Apsrtc
https://www.redbus.in/bus-tickets/nellore-to-bangalore,Nellore to Bangalore,Apsrtc
https://www.redbus.in/bus-tickets/tadipatri-to-bangalore,Tadipatri to Bangalore,Apsrtc
https://www.redbus.in/bus-tickets/kakinada-to-vijayawada,Kakinada to Vijayawada,Apsrtc
https://www.redbus.in/bus-tickets/visakhapatnam-to-amalapuram,Visakhapatnam to Amalapuram,Apsrtc
https://www.redbus.in/bus-tickets/hyderabad-to-markapuram,Hyderabad to Markapuram,Apsrtc
https://www.redbus.in/bus-tickets/hyderabad-to-nandyala,Hyderabad to Nandyal,Apsrtc
https://www.redbus.in/bus-tickets/khammam-to-hyderabad,Khammam to Hyderabad,Tsrtc
https://www.redbus.in/bus-tickets/hyderabad-to-vijayawada,Hyderabad to Vijayawada,Tsrtc
https://www.redbus.in/bus-tickets/hyderabad-to-khammam,Hyderabad to Khammam,Tsrtc
https://www.redbus.in/bus-tickets/hyderabad-to-srisailam,Hyderabad to Srisailam,Tsrtc
https://www.redbus.in/bus-tickets/karimnagar-to-hyderabad,Karimnagar to Hyderabad,Tsrtc
https://www.redbus.in/bus-tickets/hyderabad-to-adilabad,Hyderabad to Adilabad,Tsrtc
https://www.redbus.in/bus-tickets/kothagudem-to-hyderabad,Kothagudem to Hyderabad,Tsrtc
https://www.redbus.in/bus-tickets/hyderabad-to-mancherial,Hyderabad to Mancherial,Tsrtc
https://www.redbus.in/bus-tickets/guntur-to-hyderabad,Guntur (Andhra Pradesh) to Hyderabad,Tsrtc
https://www.redbus.in/bus-tickets/godavarikhani-to-hyderabad,Godavarikhani to Hyderabad,Tsrtc
https://www.redbus.in/bus-tickets/kodad-to-hyderabad,Kodad to Hyderabad,Tsrtc
https://www.redbus.in/bus-tickets/hyderabad-to-ongole,Hyderabad to Ongole,Tsrtc
https://www.redbus.in/bus-tickets/jagityal-to-hyderabad,Jagityal to Hyderabad,Tsrtc
https://www.redbus.in/bus-tickets/hyderabad-to-nirmal,Hyderabad to Nirmal,Tsrtc
https://www.redbus.in/bus-tickets/hyderabad-to-guntur,Hyderabad to Guntur (Andhra Pradesh),Tsrtc
https://www.redbus.in/bus-tickets/hyderabad-to-karimnagar,Hyderabad to Karimnagar,Tsrtc
https://www.redbus.in/bus-tickets/hyderabad-to-kothagudem,Hyderabad to Kothagudem,Tsrtc
https://www.redbus.in/bus-tickets/hyderabad-to-bhadrachalam,Hyderabad to Bhadrachalam,Tsrtc
https://www.redbus.in/bus-tickets/hyderabad-to-sathupalli,Hyderabad to Sathupally,Tsrtc
https://www.redbus.in/bus-tickets/hyderabad-to-warangal,Hyderabad to Warangal,Tsrtc
https://www.redbus.in/bus-tickets/hyderabad-to-tirupathi,Hyderabad to Tirupati,Tsrtc
https://www.redbus.in/bus-tickets/hyderabad-to-ananthapur,Hyderabad to Anantapur (andhra pradesh),Tsrtc
https://www.redbus.in/bus-tickets/hyderabad-to-armoor,Hyderabad to Armoor,Tsrtc
https://www.redbus.in/bus-tickets/hyderabad-to-godavarikhani,Hyderabad to Godavarikhani,Tsrtc
https://www.redbus.in/bus-tickets/peddapalli-telangana-to-hyderabad,Peddapalli (Telangana) to Hyderabad,Tsrtc
https://www.redbus.in/bus-tickets/hyderabad-to-kodad,Hyderabad to Kodad,Tsrtc
https://www.redbus.in/bus-tickets/pune-to-goa,Pune to Goa,Ktcl
https://www.redbus.in/bus-tickets/goa-to-pune,Goa to Pune,Ktcl
https://www.redbus.in/bus-tickets/mumbai-to-goa,Mumbai to Goa,Ktcl
https://www.redbus.in/bus-tickets/goa-to-mumbai,Goa to Mumbai,Ktcl
https://www.redbus.in/bus-tickets/belagavi-to-goa,Belagavi to Goa,Ktcl
https://www.redbus.in/bus-tickets/bangalore-to-goa,Bangalore to Goa,Ktcl
https://www.redbus.in/bus-tickets/goa-to-bangalore,Goa to Bangalore,Ktcl
https://www.redbus.in/bus-tickets/pandharpur-to-goa,Pandharpur to Goa,Ktcl
https://www.redbus.in/bus-tickets/goa-to-belagavi,Goa to Belagavi,Ktcl
https://www.redbus.in/bus-tickets/goa-to-kolhapur-maharashtra,Goa to Kolhapur(Maharashtra),Ktcl
https://www.redbus.in/bus-tickets/solapur-to-goa,Solapur to Goa,Ktcl
https://www.redbus.in/bus-tickets/goa-to-pandharpur,Goa to Pandharpur,Ktcl
https://www.redbus.in/bus-tickets/goa-to-solapur,Goa to Solapur,Ktcl
https://www.redbus.in/bus-tickets/calangute-goa-to-goa-airport,Calangute (goa) to Goa Airport,Ktcl
https://www.redbus.in/bus-tickets/goa-to-sangola,Goa to Sangola (Solapur),Ktcl
https://www.redbus.in/bus-tickets/sangola-to-goa,Sangola (Solapur) to Goa,Ktcl
https://www.redbus.in/bus-tickets/calangute-goa-to-mopa-airport,Calangute (goa) to Mopa Airport,Ktcl
https://www.redbus.in/bus-tickets/goa-airport-to-calangute-goa,Goa Airport to Calangute (goa),Ktcl
https://www.redbus.in/bus-tickets/mopa-airport-to-calangute-goa,Mopa Airport to Calangute (goa),Ktcl
https://www.redbus.in/bus-tickets/shimoga-to-goa,Shivamogga to Goa,Ktcl
https://www.redbus.in/bus-tickets/marcel-to-belagavi,Marcel to Belagavi,Ktcl
https://www.redbus.in/bus-tickets/ponda-to-belagavi,Ponda to Belagavi,Ktcl
https://www.redbus.in/bus-tickets/belagavi-to-marcel,Belagavi to Marcel,Ktcl
https://www.redbus.in/bus-tickets/belagavi-to-ponda,Belagavi to Ponda,Ktcl
https://www.redbus.in/bus-tickets/panaji-to-goa-airport,Panaji to Goa Airport,Ktcl
https://www.redbus.in/bus-tickets/goa-to-sangli,Goa to Sangli,Ktcl
https://www.redbus.in/bus-tickets/goa-to-mopa-airport,Goa to Mopa Airport,Ktcl
https://www.redbus.in/bus-tickets/goa-to-miraj,Goa to Miraj,Ktcl
https://www.redbus.in/bus-tickets/margoa-to-mopa-airport,Margao to Mopa Airport,Ktcl
https://www.redbus.in/bus-tickets/mopa-airport-to-goa,Mopa Airport to Goa,Ktcl
https://www.redbus.in/bus-tickets/mopa-airport-to-margoa,Mopa Airport to Margao,Ktcl
https://www.redbus.in/bus-tickets/goa-airport-to-panaji,Goa Airport to Panaji,Ktcl
https://www.redbus.in/bus-tickets/shirdi-to-goa,Shirdi to Goa,Ktcl
https://www.redbus.in/bus-tickets/goa-to-shimoga,Goa to Shivamogga,Ktcl
https://www.redbus.in/bus-tickets/goa-to-satara,Goa to Satara,Ktcl
https://www.redbus.in/bus-tickets/panaji-to-mopa-airport,Panaji to Mopa Airport,Ktcl
https://www.redbus.in/bus-tickets/saquelim-to-belagavi,Saquelim to Belagavi,Ktcl
https://www.redbus.in/bus-tickets/goa-to-goa-airport,Goa to Goa Airport,Ktcl
https://www.redbus.in/bus-tickets/goa-to-shirdi,Goa to Shirdi,Ktcl
https://www.redbus.in/bus-tickets/goa-airport-to-goa,Goa Airport to Goa,Ktcl
https://www.redbus.in/bus-tickets/calangute-goa-to-goa,Calangute (goa) to Goa,Ktcl
https://www.redbus.in/bus-tickets/mopa-airport-to-panaji,Mopa Airport to Panaji,Ktcl
https://www.redbus.in/bus-tickets/goa-to-calangute-goa,Goa to Calangute (goa),Ktcl
https://www.redbus.in/bus-tickets/belagavi-to-saquelim,Belagavi to Saquelim,Ktcl
https://www.redbus.in/bus-tickets/calangute-goa-to-panaji,Calangute (goa) to Panaji,Ktcl
https://www.redbus.in/bus-tickets/jodhpur-to-ajmer,Jodhpur to Ajmer,Rsrtc
https://www.redbus.in/bus-tickets/beawer-to-jaipur,Beawar (Rajasthan) to Jaipur (Rajasthan),Rsrtc
https://www.redbus.in/bus-tickets/udaipur-to-jodhpur,Udaipur to Jodhpur,Rsrtc
https://www.redbus.in/bus-tickets/jaipur-to-jodhpur,Jaipur (Rajasthan) to Jodhpur,Rsrtc
https://www.redbus.in/bus-tickets/sikar-to-jaipur,Sikar to Jaipur (Rajasthan),Rsrtc
https://www.redbus.in/bus-tickets/aligarh-uttar-pradesh-to-jaipur,Aligarh (uttar pradesh) to Jaipur (Rajasthan),Rsrtc
https://www.redbus.in/bus-tickets/kota-rajasthan-to-jaipur,Kota(Rajasthan) to Jaipur (Rajasthan),Rsrtc
https://www.redbus.in/bus-tickets/jaipur-to-pilani,Jaipur (Rajasthan) to Pilani,Rsrtc
https://www.redbus.in/bus-tickets/jaipur-to-aligarh-uttar-pradesh,Jaipur (Rajasthan) to Aligarh (uttar pradesh),Rsrtc
https://www.redbus.in/bus-tickets/kishangarh-to-jaipur,Kishangarh to Jaipur (Rajasthan),Rsrtc
https://www.redbus.in/bus-tickets/sikar-to-bikaner,Sikar to Bikaner,Rsrtc
https://www.redbus.in/bus-tickets/jodhpur-to-beawer,Jodhpur to Beawar (Rajasthan),Rsrtc
https://www.redbus.in/bus-tickets/udaipur-to-pali-rajasthan,Udaipur to Pali (Rajasthan),Rsrtc
https://www.redbus.in/bus-tickets/jaipur-to-kota-rajasthan,Jaipur (Rajasthan) to Kota(Rajasthan),Rsrtc
https://www.redbus.in/bus-tickets/kota-rajasthan-to-udaipur,Kota(Rajasthan) to Udaipur,Rsrtc
https://www.redbus.in/bus-tickets/jaipur-to-bharatpur,Jaipur (Rajasthan) to Bharatpur,Rsrtc
https://www.redbus.in/bus-tickets/jaipur-to-mathura,Jaipur (Rajasthan) to Mathura,Rsrtc
https://www.redbus.in/bus-tickets/bikaner-to-sikar,Bikaner to Sikar,Rsrtc
https://www.redbus.in/bus-tickets/pali-to-udaipur,Pali (Rajasthan) to Udaipur,Rsrtc
https://www.redbus.in/bus-tickets/udaipur-to-jaipur,Udaipur to Jaipur (Rajasthan),Rsrtc
https://www.redbus.in/bus-tickets/durgapur-to-kolkata,Durgapur (West Bengal) to Kolkata,South
https://www.redbus.in/bus-tickets/kolkata-to-burdwan,Kolkata to Burdwan,South
https://www.redbus.in/bus-tickets/kolkata-to-durgapur,Kolkata to Durgapur (West Bengal),South
https://www.redbus.in/bus-tickets/haldia-to-kolkata,Haldia to Kolkata,South
https://www.redbus.in/bus-tickets/kolkata-to-haldia,Kolkata to Haldia,South
https://www.redbus.in/bus-tickets/midnapore-to-kolkata,Midnapore to Kolkata,South
https://www.redbus.in/bus-tickets/kolkata-to-arambagh-west-bengal,Kolkata to Arambagh (West Bengal),South
https://www.redbus.in/bus-tickets/kolkata-to-digha,Kolkata to Digha,South
https://www.redbus.in/bus-tickets/digha-to-kolkata,Digha to Kolkata,South
https://www.redbus.in/bus-tickets/kolkata-to-bankura,Kolkata to Bankura,South
https://www.redbus.in/bus-tickets/kolkata-to-asansol,Kolkata to Asansol (West Bengal),South
https://www.redbus.in/bus-tickets/kolkata-to-midnapore,Kolkata to Midnapore,South
https://www.redbus.in/bus-tickets/jhargram-to-kolkata,Jhargram to Kolkata,South
https://www.redbus.in/bus-tickets/kolkata-to-contai-kanthi,Kolkata to Contai (Kanthi),South
https://www.redbus.in/bus-tickets/kolkata-to-nimtouri,Kolkata to Nimtouri,South
https://www.redbus.in/bus-tickets/digha-to-durgapur,Digha to Durgapur (West Bengal),South
https://www.redbus.in/bus-tickets/kolkata-to-nandakumar,Kolkata to Nandakumar (west bengal),South
https://www.redbus.in/bus-tickets/kirnahar-west-bengal-to-kolkata,Kirnahar (West Bengal) to Kolkata,South
https://www.redbus.in/bus-tickets/kolkata-to-kolaghat,Kolkata to Kolaghat,South
https://www.redbus.in/bus-tickets/kolkata-to-mecheda-west-bengal,Kolkata to Mecheda (West Bengal),South
https://www.redbus.in/bus-tickets/durgapur-to-barasat-west-bengal,Durgapur (West Bengal) to Barasat (West Bengal),South
https://www.redbus.in/bus-tickets/kolkata-to-chandipur-west-bengal,Kolkata to Chandipur (West Bengal),South
https://www.redbus.in/bus-tickets/midnapore-to-barasat-west-bengal,Midnapore to Barasat (West Bengal),South
https://www.redbus.in/bus-tickets/berhampore-to-durgapur,Berhampore (West Bengal) to Durgapur (West Bengal),South
https://www.redbus.in/bus-tickets/kolkata-to-suri,Kolkata to Suri,South
https://www.redbus.in/bus-tickets/durgapur-to-digha,Durgapur (West Bengal) to Digha,South
https://www.redbus.in/bus-tickets/durgapur-to-berhampore,Durgapur (West Bengal) to Berhampore (West Bengal),South
https://www.redbus.in/bus-tickets/purulia-to-durgapur,Purulia to Durgapur (West Bengal),South
https://www.redbus.in/bus-tickets/digha-to-barasat-west-bengal,Digha to Barasat (West Bengal),South
https://www.redbus.in/bus-tickets/kolkata-to-heria,Kolkata to Heria,South
https://www.redbus.in/bus-tickets/illambazar-to-kolkata,Illambazar to Kolkata,South
https://www.redbus.in/bus-tickets/kolkata-to-bajkul-west-bengal,Kolkata to Bajkul (West Bengal),South
https://www.redbus.in/bus-tickets/kolkata-to-debra,Kolkata to Debra,South
https://www.redbus.in/bus-tickets/barasat-west-bengal-to-midnapore,Barasat (West Bengal) to Midnapore,South
https://www.redbus.in/bus-tickets/kolkata-to-ramnagar-west-bengal,Kolkata to Ramnagar (West Bengal),South
https://www.redbus.in/bus-tickets/kolkata-to-kirnahar-west-bengal,Kolkata to Kirnahar (West Bengal),South
https://www.redbus.in/bus-tickets/kolkata-to-jhargram,Kolkata to Jhargram,South
https://www.redbus.in/bus-tickets/kolkata-to-panskura,Kolkata to Panskura,South
https://www.redbus.in/bus-tickets/berhampore-to-bolpur-west-bengal,Berhampore (West Bengal) to Bolpur (West Bengal),South
https://www.redbus.in/bus-tickets/durgapur-to-bankura,Durgapur (West Bengal) to Bankura,South
https://www.redbus.in/bus-tickets/kirnahar-west-bengal-to-burdwan,Kirnahar (West Bengal) to Burdwan,South
https://www.redbus.in/bus-tickets/siliguri-to-kolkata,Siliguri to Kolkata,South
https://www.redbus.in/bus-tickets/futishanko-to-kolkata,Futishanko to Kolkata,South
https://www.redbus.in/bus-tickets/delhi-to-shimla,Delhi to Shimla,Hrtc
https://www.redbus.in/bus-tickets/hamirpur-himachal-pradesh-to-chandigarh,Hamirpur (Himachal Pradesh) to Chandigarh,Hrtc
https://www.redbus.in/bus-tickets/chandigarh-to-hamirpur-himachal-pradesh,Chandigarh to Hamirpur (Himachal Pradesh),Hrtc
https://www.redbus.in/bus-tickets/shimla-to-delhi,Shimla to Delhi,Hrtc
https://www.redbus.in/bus-tickets/hamirpur-himachal-pradesh-to-delhi,Hamirpur (Himachal Pradesh) to Delhi,Hrtc
https://www.redbus.in/bus-tickets/delhi-to-hamirpur-himachal-pradesh,Delhi to Hamirpur (Himachal Pradesh),Hrtc
https://www.redbus.in/bus-tickets/kangra-to-chandigarh,Kangra to Chandigarh,Hrtc
https://www.redbus.in/bus-tickets/chamba-himachal-pradesh-to-chandigarh,Chamba (Himachal Pradesh) to Chandigarh,Hrtc
https://www.redbus.in/bus-tickets/delhi-to-chandigarh,Delhi to Chandigarh,Hrtc
https://www.redbus.in/bus-tickets/palampur-to-chandigarh,Palampur to Chandigarh,Hrtc
https://www.redbus.in/bus-tickets/dharamshala-to-chandigarh,Dharamshala (Himachal Pradesh) to Chandigarh,Hrtc
https://www.redbus.in/bus-tickets/chandigarh-to-dharamshala,Chandigarh to Dharamshala (Himachal Pradesh),Hrtc
https://www.redbus.in/bus-tickets/delhi-to-chamba-himachal-pradesh,Delhi to Chamba (Himachal Pradesh),Hrtc
https://www.redbus.in/bus-tickets/chandigarh-to-palampur,Chandigarh to Palampur,Hrtc
https://www.redbus.in/bus-tickets/delhi-to-nalagarh,Delhi to Nalagarh,Hrtc
https://www.redbus.in/bus-tickets/shimla-to-chandigarh,Shimla to Chandigarh,Hrtc
https://www.redbus.in/bus-tickets/chandigarh-to-kangra,Chandigarh to Kangra,Hrtc
https://www.redbus.in/bus-tickets/ghumarwin-to-chandigarh,Ghumarwin to Chandigarh,Hrtc
https://www.redbus.in/bus-tickets/chamba-himachal-pradesh-to-delhi,Chamba (Himachal Pradesh) to Delhi,Hrtc
https://www.redbus.in/bus-tickets/chandigarh-to-kullu,Chandigarh to Kullu,Hrtc
https://www.redbus.in/bus-tickets/manali-to-chandigarh,Manali to Chandigarh,Hrtc
https://www.redbus.in/bus-tickets/delhi-to-solan,Delhi to Solan,Hrtc
https://www.redbus.in/bus-tickets/shimla-to-manali,Shimla to Manali,Hrtc
https://www.redbus.in/bus-tickets/chandigarh-to-manali,Chandigarh to Manali,Hrtc
https://www.redbus.in/bus-tickets/kullu-to-shimla,Kullu to Shimla,Hrtc
https://www.redbus.in/bus-tickets/jassur-to-chandigarh,Jassur to Chandigarh,Hrtc
https://www.redbus.in/bus-tickets/solan-to-delhi,Solan to Delhi,Hrtc
https://www.redbus.in/bus-tickets/sundernagar-himachal-pradesh-to-chandigarh,Sunder Nagar (Himachal Pradesh) to Chandigarh,Hrtc
https://www.redbus.in/bus-tickets/chandigarh-to-sarkaghat,Chandigarh to Sarkaghat,Hrtc
https://www.redbus.in/bus-tickets/delhi-to-bilaspur-himachal-pradesh,Delhi to Bilaspur (Himachal Pradesh),Hrtc
https://www.redbus.in/bus-tickets/kangra-to-delhi,Kangra to Delhi,Hrtc
https://www.redbus.in/bus-tickets/palampur-to-delhi,Palampur to Delhi,Hrtc
https://www.redbus.in/bus-tickets/delhi-to-palampur,Delhi to Palampur,Hrtc
https://www.redbus.in/bus-tickets/delhi-to-sarkaghat,Delhi to Sarkaghat,Hrtc
https://www.redbus.in/bus-tickets/ghumarwin-to-delhi,Ghumarwin to Delhi,Hrtc
https://www.redbus.in/bus-tickets/manali-to-shimla,Manali to Shimla,Hrtc
https://www.redbus.in/bus-tickets/baddi-himachal-pradesh-to-delhi,Baddi (Himachal Pradesh) to Delhi,Hrtc
https://www.redbus.in/bus-tickets/tezpur-to-guwahati,Tezpur to Guwahati,Astc
https://www.redbus.in/bus-tickets/guwahati-to-tezpur,Guwahati to Tezpur,Astc
https://www.redbus.in/bus-tickets/nagaon-to-guwahati,Nagaon (Assam) to Guwahati,Astc
https://www.redbus.in/bus-tickets/guwahati-to-nagaon,Guwahati to Nagaon (Assam),Astc
https://www.redbus.in/bus-tickets/goalpara-to-guwahati,Goalpara to Guwahati,Astc
https://www.redbus.in/bus-tickets/dhubri-to-guwahati,Dhubri to Guwahati,Astc
https://www.redbus.in/bus-tickets/sibsagar-to-north-lakhimpur,Sibsagar (Assam) to North Lakhimpur,Astc
https://www.redbus.in/bus-tickets/north-lakhimpur-to-sibsagar,North Lakhimpur to Sibsagar (Assam),Astc
https://www.redbus.in/bus-tickets/guwahati-to-dhubri,Guwahati to Dhubri,Astc
https://www.redbus.in/bus-tickets/jorhat-to-north-lakhimpur,Jorhat to North Lakhimpur,Astc
https://www.redbus.in/bus-tickets/dhekiajuli-to-guwahati,Dhekiajuli to Guwahati,Astc
https://www.redbus.in/bus-tickets/jorhat-to-dibrugarh,Jorhat to Dibrugarh,Astc
https://www.redbus.in/bus-tickets/north-lakhimpur-to-jorhat,North Lakhimpur to Jorhat,Astc
https://www.redbus.in/bus-tickets/jorhat-to-dhemaji,Jorhat to Dhemaji,Astc
https://www.redbus.in/bus-tickets/dhemaji-to-jorhat,Dhemaji to Jorhat,Astc
https://www.redbus.in/bus-tickets/jorhat-to-tinsukia,Jorhat to Tinsukia,Astc
https://www.redbus.in/bus-tickets/tezpur-to-dibrugarh,Tezpur to Dibrugarh,Astc
https://www.redbus.in/bus-tickets/tinsukia-to-jorhat,Tinsukia to Jorhat,Astc
https://www.redbus.in/bus-tickets/dibrugarh-to-jorhat,Dibrugarh to Jorhat,Astc
https://www.redbus.in/bus-tickets/north-lakhimpur-to-dibrugarh,North Lakhimpur to Dibrugarh,Astc
https://www.redbus.in/bus-tickets/guwahati-to-biswanath-charali,Guwahati to Biswanath Charali,Astc
https://www.redbus.in/bus-tickets/biswanath-charali-to-guwahati,Biswanath Charali to Guwahati,Astc
https://www.redbus.in/bus-tickets/biswanath-charali-to-dibrugarh,Biswanath Charali to Dibrugarh,Astc
https://www.redbus.in/bus-tickets/sibsagar-to-dhemaji,Sibsagar (Assam) to Dhemaji,Astc
https://www.redbus.in/bus-tickets/dibrugarh-to-tezpur,Dibrugarh to Tezpur,Astc
https://www.redbus.in/bus-tickets/bokakhat-to-dibrugarh,Bokakhat to Dibrugarh,Astc
https://www.redbus.in/bus-tickets/moran-to-tezpur,Moran to Tezpur,Astc
https://www.redbus.in/bus-tickets/dibrugarh-to-north-lakhimpur,Dibrugarh to North Lakhimpur,Astc
https://www.redbus.in/bus-tickets/north-lakhimpur-to-tezpur,North Lakhimpur to Tezpur,Astc
https://www.redbus.in/bus-tickets/bihpuria-to-dibrugarh,Bihpuria to Dibrugarh,Astc
https://www.redbus.in/bus-tickets/north-lakhimpur-to-moran,North Lakhimpur to Moran,Astc
https://www.redbus.in/bus-tickets/dibrugarh-to-biswanath-charali,Dibrugarh to Biswanath Charali,Astc
https://www.redbus.in/bus-tickets/golaghat-to-north-lakhimpur,Golaghat to North Lakhimpur,Astc
https://www.redbus.in/bus-tickets/moran-to-north-lakhimpur,Moran to North Lakhimpur,Astc
https://www.redbus.in/bus-tickets/guwahati-to-silchar,Guwahati to Silchar,Astc
https://www.redbus.in/bus-tickets/gohpur-to-dibrugarh,Gohpur to Dibrugarh,Astc
https://www.redbus.in/bus-tickets/tinsukia-to-tezpur,Tinsukia to Tezpur,Astc
https://www.redbus.in/bus-tickets/gohpur-to-guwahati,Gohpur to Guwahati,Astc
https://www.redbus.in/bus-tickets/guwahati-to-gohpur,Guwahati to Gohpur,Astc
https://www.redbus.in/bus-tickets/guwahati-to-kaliabor,Guwahati to Kaliabor,Astc
https://www.redbus.in/bus-tickets/north-lakhimpur-to-guwahati,North Lakhimpur to Guwahati,Astc
https://www.redbus.in/bus-tickets/tezpur-to-tinsukia,Tezpur to Tinsukia,Astc
https://www.redbus.in/bus-tickets/dergaon-to-dibrugarh,Dergaon to Dibrugarh,Astc
https://www.redbus.in/bus-tickets/tezpur-to-moran,Tezpur to Moran,Astc
https://www.redbus.in/bus-tickets/tezpur-to-north-lakhimpur,Tezpur to North Lakhimpur,Astc
https://www.redbus.in/bus-tickets/north-lakhimpur-to-nagaon,North Lakhimpur to Nagaon (Assam),Astc
https://www.redbus.in/bus-tickets/guwahati-to-tumuki-tezpur-medical,Guwahati to Tumuki (Tezpur Medical),Astc
https://www.redbus.in/bus-tickets/delhi-to-bareilly,Delhi to Bareilly (Uttar Pradesh),Uttar
https://www.redbus.in/bus-tickets/delhi-to-lucknow,Delhi to Lucknow,Uttar
https://www.redbus.in/bus-tickets/bareilly-to-delhi,Bareilly (Uttar Pradesh) to Delhi,Uttar
https://www.redbus.in/bus-tickets/lucknow-to-gorakhpur,Lucknow to Gorakhpur (uttar pradesh),Uttar
https://www.redbus.in/bus-tickets/aligarh-uttar-pradesh-to-delhi,Aligarh (uttar pradesh) to Delhi,Uttar
https://www.redbus.in/bus-tickets/lucknow-to-allahabad,Lucknow to Prayagraj(Uttar Pradesh),Uttar
https://www.redbus.in/bus-tickets/delhi-to-aligarh-uttar-pradesh,Delhi to Aligarh (uttar pradesh),Uttar
https://www.redbus.in/bus-tickets/lucknow-to-delhi,Lucknow to Delhi,Uttar
https://www.redbus.in/bus-tickets/allahabad-to-lucknow,Prayagraj(Uttar Pradesh) to Lucknow,Uttar
https://www.redbus.in/bus-tickets/delhi-to-farrukhabad-up,Delhi to Farrukhabad (Uttar Pradesh),Uttar
https://www.redbus.in/bus-tickets/digha-to-barasat-west-bengal,Digha to Barasat (West Bengal),Wbtc
https://www.redbus.in/bus-tickets/durgapur-to-kolkata,Durgapur (West Bengal) to Kolkata,Wbtc
https://www.redbus.in/bus-tickets/digha-to-kolkata,Digha to Kolkata,Wbtc
https://www.redbus.in/bus-tickets/barasat-west-bengal-to-digha,Barasat (West Bengal) to Digha,Wbtc
https://www.redbus.in/bus-tickets/kolkata-to-durgapur,Kolkata to Durgapur (West Bengal),Wbtc
https://www.redbus.in/bus-tickets/kolkata-to-digha,Kolkata to Digha,Wbtc
https://www.redbus.in/bus-tickets/barasat-west-bengal-to-contai-kanthi,Barasat (West Bengal) to Contai (Kanthi),Wbtc
https://www.redbus.in/bus-tickets/barasat-west-bengal-to-midnapore,Barasat (West Bengal) to Midnapore,Wbtc
https://www.redbus.in/bus-tickets/barasat-west-bengal-to-nandakumar,Barasat (West Bengal) to Nandakumar (west bengal),Wbtc
https://www.redbus.in/bus-tickets/barasat-west-bengal-to-kolaghat,Barasat (West Bengal) to Kolaghat,Wbtc
